[{"city_code":"012801","city_name":"Adams","province_code":"0128","psgc_code":"012801000","region_desc":"01"},{"city_code":"012802","city_name":"Bacarra","province_code":"0128","psgc_code":"012802000","region_desc":"01"},{"city_code":"012803","city_name":"Badoc","province_code":"0128","psgc_code":"012803000","region_desc":"01"},{"city_code":"012804","city_name":"Bangui","province_code":"0128","psgc_code":"012804000","region_desc":"01"},{"city_code":"012805","city_name":"City Of Batac","province_code":"0128","psgc_code":"012805000","region_desc":"01"},{"city_code":"012806","city_name":"Burgos","province_code":"0128","psgc_code":"012806000","region_desc":"01"},{"city_code":"012807","city_name":"Carasi","province_code":"0128","psgc_code":"012807000","region_desc":"01"},{"city_code":"012808","city_name":"Currimao","province_code":"0128","psgc_code":"012808000","region_desc":"01"},{"city_code":"012809","city_name":"Dingras","province_code":"0128","psgc_code":"012809000","region_desc":"01"},{"city_code":"012810","city_name":"Dumalneg","province_code":"0128","psgc_code":"012810000","region_desc":"01"},{"city_code":"012811","city_name":"Banna (Espiritu)","province_code":"0128","psgc_code":"012811000","region_desc":"01"},{"city_code":"012812","city_name":"Laoag City (Capital)","province_code":"0128","psgc_code":"012812000","region_desc":"01"},{"city_code":"012813","city_name":"Marcos","province_code":"0128","psgc_code":"012813000","region_desc":"01"},{"city_code":"012814","city_name":"Nueva Era","province_code":"0128","psgc_code":"012814000","region_desc":"01"},{"city_code":"012815","city_name":"Pagudpud","province_code":"0128","psgc_code":"012815000","region_desc":"01"},{"city_code":"012816","city_name":"Paoay","province_code":"0128","psgc_code":"012816000","region_desc":"01"},{"city_code":"012817","city_name":"Pasuquin","province_code":"0128","psgc_code":"012817000","region_desc":"01"},{"city_code":"012818","city_name":"Piddig","province_code":"0128","psgc_code":"012818000","region_desc":"01"},{"city_code":"012819","city_name":"Pinili","province_code":"0128","psgc_code":"012819000","region_desc":"01"},{"city_code":"012820","city_name":"San Nicolas","province_code":"0128","psgc_code":"012820000","region_desc":"01"},{"city_code":"012821","city_name":"Sarrat","province_code":"0128","psgc_code":"012821000","region_desc":"01"},{"city_code":"012822","city_name":"Solsona","province_code":"0128","psgc_code":"012822000","region_desc":"01"},{"city_code":"012823","city_name":"Vintar","province_code":"0128","psgc_code":"012823000","region_desc":"01"},{"city_code":"012901","city_name":"Alilem","province_code":"0129","psgc_code":"012901000","region_desc":"01"},{"city_code":"012902","city_name":"Banayoyo","province_code":"0129","psgc_code":"012902000","region_desc":"01"},{"city_code":"012903","city_name":"Bantay","province_code":"0129","psgc_code":"012903000","region_desc":"01"},{"city_code":"012904","city_name":"Burgos","province_code":"0129","psgc_code":"012904000","region_desc":"01"},{"city_code":"012905","city_name":"Cabugao","province_code":"0129","psgc_code":"012905000","region_desc":"01"},{"city_code":"012906","city_name":"City Of Candon","province_code":"0129","psgc_code":"012906000","region_desc":"01"},{"city_code":"012907","city_name":"Caoayan","province_code":"0129","psgc_code":"012907000","region_desc":"01"},{"city_code":"012908","city_name":"Cervantes","province_code":"0129","psgc_code":"012908000","region_desc":"01"},{"city_code":"012909","city_name":"Galimuyod","province_code":"0129","psgc_code":"012909000","region_desc":"01"},{"city_code":"012910","city_name":"Gregorio Del Pilar (Concepcion)","province_code":"0129","psgc_code":"012910000","region_desc":"01"},{"city_code":"012911","city_name":"Lidlidda","province_code":"0129","psgc_code":"012911000","region_desc":"01"},{"city_code":"012912","city_name":"Magsingal","province_code":"0129","psgc_code":"012912000","region_desc":"01"},{"city_code":"012913","city_name":"Nagbukel","province_code":"0129","psgc_code":"012913000","region_desc":"01"},{"city_code":"012914","city_name":"Narvacan","province_code":"0129","psgc_code":"012914000","region_desc":"01"},{"city_code":"012915","city_name":"Quirino (Angkaki)","province_code":"0129","psgc_code":"012915000","region_desc":"01"},{"city_code":"012916","city_name":"Salcedo (Baugen)","province_code":"0129","psgc_code":"012916000","region_desc":"01"},{"city_code":"012917","city_name":"San Emilio","province_code":"0129","psgc_code":"012917000","region_desc":"01"},{"city_code":"012918","city_name":"San Esteban","province_code":"0129","psgc_code":"012918000","region_desc":"01"},{"city_code":"012919","city_name":"San Ildefonso","province_code":"0129","psgc_code":"012919000","region_desc":"01"},{"city_code":"012920","city_name":"San Juan (Lapog)","province_code":"0129","psgc_code":"012920000","region_desc":"01"},{"city_code":"012921","city_name":"San Vicente","province_code":"0129","psgc_code":"012921000","region_desc":"01"},{"city_code":"012922","city_name":"Santa","province_code":"0129","psgc_code":"012922000","region_desc":"01"},{"city_code":"012923","city_name":"Santa Catalina","province_code":"0129","psgc_code":"012923000","region_desc":"01"},{"city_code":"012924","city_name":"Santa Cruz","province_code":"0129","psgc_code":"012924000","region_desc":"01"},{"city_code":"012925","city_name":"Santa Lucia","province_code":"0129","psgc_code":"012925000","region_desc":"01"},{"city_code":"012926","city_name":"Santa Maria","province_code":"0129","psgc_code":"012926000","region_desc":"01"},{"city_code":"012927","city_name":"Santiago","province_code":"0129","psgc_code":"012927000","region_desc":"01"},{"city_code":"012928","city_name":"Santo Domingo","province_code":"0129","psgc_code":"012928000","region_desc":"01"},{"city_code":"012929","city_name":"Sigay","province_code":"0129","psgc_code":"012929000","region_desc":"01"},{"city_code":"012930","city_name":"Sinait","province_code":"0129","psgc_code":"012930000","region_desc":"01"},{"city_code":"012931","city_name":"Sugpon","province_code":"0129","psgc_code":"012931000","region_desc":"01"},{"city_code":"012932","city_name":"Suyo","province_code":"0129","psgc_code":"012932000","region_desc":"01"},{"city_code":"012933","city_name":"Tagudin","province_code":"0129","psgc_code":"012933000","region_desc":"01"},{"city_code":"012934","city_name":"City Of Vigan (Capital)","province_code":"0129","psgc_code":"012934000","region_desc":"01"},{"city_code":"013301","city_name":"Agoo","province_code":"0133","psgc_code":"013301000","region_desc":"01"},{"city_code":"013302","city_name":"Aringay","province_code":"0133","psgc_code":"013302000","region_desc":"01"},{"city_code":"013303","city_name":"Bacnotan","province_code":"0133","psgc_code":"013303000","region_desc":"01"},{"city_code":"013304","city_name":"Bagulin","province_code":"0133","psgc_code":"013304000","region_desc":"01"},{"city_code":"013305","city_name":"Balaoan","province_code":"0133","psgc_code":"013305000","region_desc":"01"},{"city_code":"013306","city_name":"Bangar","province_code":"0133","psgc_code":"013306000","region_desc":"01"},{"city_code":"013307","city_name":"Bauang","province_code":"0133","psgc_code":"013307000","region_desc":"01"},{"city_code":"013308","city_name":"Burgos","province_code":"0133","psgc_code":"013308000","region_desc":"01"},{"city_code":"013309","city_name":"Caba","province_code":"0133","psgc_code":"013309000","region_desc":"01"},{"city_code":"013310","city_name":"Luna","province_code":"0133","psgc_code":"013310000","region_desc":"01"},{"city_code":"013311","city_name":"Naguilian","province_code":"0133","psgc_code":"013311000","region_desc":"01"},{"city_code":"013312","city_name":"Pugo","province_code":"0133","psgc_code":"013312000","region_desc":"01"},{"city_code":"013313","city_name":"Rosario","province_code":"0133","psgc_code":"013313000","region_desc":"01"},{"city_code":"013314","city_name":"City Of San Fernando (Capital)","province_code":"0133","psgc_code":"013314000","region_desc":"01"},{"city_code":"013315","city_name":"San Gabriel","province_code":"0133","psgc_code":"013315000","region_desc":"01"},{"city_code":"013316","city_name":"San Juan","province_code":"0133","psgc_code":"013316000","region_desc":"01"},{"city_code":"013317","city_name":"Santo Tomas","province_code":"0133","psgc_code":"013317000","region_desc":"01"},{"city_code":"013318","city_name":"Santol","province_code":"0133","psgc_code":"013318000","region_desc":"01"},{"city_code":"013319","city_name":"Sudipen","province_code":"0133","psgc_code":"013319000","region_desc":"01"},{"city_code":"013320","city_name":"Tubao","province_code":"0133","psgc_code":"013320000","region_desc":"01"},{"city_code":"015501","city_name":"Agno","province_code":"0155","psgc_code":"015501000","region_desc":"01"},{"city_code":"015502","city_name":"Aguilar","province_code":"0155","psgc_code":"015502000","region_desc":"01"},{"city_code":"015503","city_name":"City Of Alaminos","province_code":"0155","psgc_code":"015503000","region_desc":"01"},{"city_code":"015504","city_name":"Alcala","province_code":"0155","psgc_code":"015504000","region_desc":"01"},{"city_code":"015505","city_name":"Anda","province_code":"0155","psgc_code":"015505000","region_desc":"01"},{"city_code":"015506","city_name":"Asingan","province_code":"0155","psgc_code":"015506000","region_desc":"01"},{"city_code":"015507","city_name":"Balungao","province_code":"0155","psgc_code":"015507000","region_desc":"01"},{"city_code":"015508","city_name":"Bani","province_code":"0155","psgc_code":"015508000","region_desc":"01"},{"city_code":"015509","city_name":"Basista","province_code":"0155","psgc_code":"015509000","region_desc":"01"},{"city_code":"015510","city_name":"Bautista","province_code":"0155","psgc_code":"015510000","region_desc":"01"},{"city_code":"015511","city_name":"Bayambang","province_code":"0155","psgc_code":"015511000","region_desc":"01"},{"city_code":"015512","city_name":"Binalonan","province_code":"0155","psgc_code":"015512000","region_desc":"01"},{"city_code":"015513","city_name":"Binmaley","province_code":"0155","psgc_code":"015513000","region_desc":"01"},{"city_code":"015514","city_name":"Bolinao","province_code":"0155","psgc_code":"015514000","region_desc":"01"},{"city_code":"015515","city_name":"Bugallon","province_code":"0155","psgc_code":"015515000","region_desc":"01"},{"city_code":"015516","city_name":"Burgos","province_code":"0155","psgc_code":"015516000","region_desc":"01"},{"city_code":"015517","city_name":"Calasiao","province_code":"0155","psgc_code":"015517000","region_desc":"01"},{"city_code":"015518","city_name":"Dagupan City","province_code":"0155","psgc_code":"015518000","region_desc":"01"},{"city_code":"015519","city_name":"Dasol","province_code":"0155","psgc_code":"015519000","region_desc":"01"},{"city_code":"015520","city_name":"Infanta","province_code":"0155","psgc_code":"015520000","region_desc":"01"},{"city_code":"015521","city_name":"Labrador","province_code":"0155","psgc_code":"015521000","region_desc":"01"},{"city_code":"015522","city_name":"Lingayen (Capital)","province_code":"0155","psgc_code":"015522000","region_desc":"01"},{"city_code":"015523","city_name":"Mabini","province_code":"0155","psgc_code":"015523000","region_desc":"01"},{"city_code":"015524","city_name":"Malasiqui","province_code":"0155","psgc_code":"015524000","region_desc":"01"},{"city_code":"015525","city_name":"Manaoag","province_code":"0155","psgc_code":"015525000","region_desc":"01"},{"city_code":"015526","city_name":"Mangaldan","province_code":"0155","psgc_code":"015526000","region_desc":"01"},{"city_code":"015527","city_name":"Mangatarem","province_code":"0155","psgc_code":"015527000","region_desc":"01"},{"city_code":"015528","city_name":"Mapandan","province_code":"0155","psgc_code":"015528000","region_desc":"01"},{"city_code":"015529","city_name":"Natividad","province_code":"0155","psgc_code":"015529000","region_desc":"01"},{"city_code":"015530","city_name":"Pozorrubio","province_code":"0155","psgc_code":"015530000","region_desc":"01"},{"city_code":"015531","city_name":"Rosales","province_code":"0155","psgc_code":"015531000","region_desc":"01"},{"city_code":"015532","city_name":"San Carlos City","province_code":"0155","psgc_code":"015532000","region_desc":"01"},{"city_code":"015533","city_name":"San Fabian","province_code":"0155","psgc_code":"015533000","region_desc":"01"},{"city_code":"015534","city_name":"San Jacinto","province_code":"0155","psgc_code":"015534000","region_desc":"01"},{"city_code":"015535","city_name":"San Manuel","province_code":"0155","psgc_code":"015535000","region_desc":"01"},{"city_code":"015536","city_name":"San Nicolas","province_code":"0155","psgc_code":"015536000","region_desc":"01"},{"city_code":"015537","city_name":"San Quintin","province_code":"0155","psgc_code":"015537000","region_desc":"01"},{"city_code":"015538","city_name":"Santa Barbara","province_code":"0155","psgc_code":"015538000","region_desc":"01"},{"city_code":"015539","city_name":"Santa Maria","province_code":"0155","psgc_code":"015539000","region_desc":"01"},{"city_code":"015540","city_name":"Santo Tomas","province_code":"0155","psgc_code":"015540000","region_desc":"01"},{"city_code":"015541","city_name":"Sison","province_code":"0155","psgc_code":"015541000","region_desc":"01"},{"city_code":"015542","city_name":"Sual","province_code":"0155","psgc_code":"015542000","region_desc":"01"},{"city_code":"015543","city_name":"Tayug","province_code":"0155","psgc_code":"015543000","region_desc":"01"},{"city_code":"015544","city_name":"Umingan","province_code":"0155","psgc_code":"015544000","region_desc":"01"},{"city_code":"015545","city_name":"Urbiztondo","province_code":"0155","psgc_code":"015545000","region_desc":"01"},{"city_code":"015546","city_name":"City Of Urdaneta","province_code":"0155","psgc_code":"015546000","region_desc":"01"},{"city_code":"015547","city_name":"Villasis","province_code":"0155","psgc_code":"015547000","region_desc":"01"},{"city_code":"015548","city_name":"Laoac","province_code":"0155","psgc_code":"015548000","region_desc":"01"},{"city_code":"020901","city_name":"Basco (Capital)","province_code":"0209","psgc_code":"020901000","region_desc":"02"},{"city_code":"020902","city_name":"Itbayat","province_code":"0209","psgc_code":"020902000","region_desc":"02"},{"city_code":"020903","city_name":"Ivana","province_code":"0209","psgc_code":"020903000","region_desc":"02"},{"city_code":"020904","city_name":"Mahatao","province_code":"0209","psgc_code":"020904000","region_desc":"02"},{"city_code":"020905","city_name":"Sabtang","province_code":"0209","psgc_code":"020905000","region_desc":"02"},{"city_code":"020906","city_name":"Uyugan","province_code":"0209","psgc_code":"020906000","region_desc":"02"},{"city_code":"021501","city_name":"Abulug","province_code":"0215","psgc_code":"021501000","region_desc":"02"},{"city_code":"021502","city_name":"Alcala","province_code":"0215","psgc_code":"021502000","region_desc":"02"},{"city_code":"021503","city_name":"Allacapan","province_code":"0215","psgc_code":"021503000","region_desc":"02"},{"city_code":"021504","city_name":"Amulung","province_code":"0215","psgc_code":"021504000","region_desc":"02"},{"city_code":"021505","city_name":"Aparri","province_code":"0215","psgc_code":"021505000","region_desc":"02"},{"city_code":"021506","city_name":"Baggao","province_code":"0215","psgc_code":"021506000","region_desc":"02"},{"city_code":"021507","city_name":"Ballesteros","province_code":"0215","psgc_code":"021507000","region_desc":"02"},{"city_code":"021508","city_name":"Buguey","province_code":"0215","psgc_code":"021508000","region_desc":"02"},{"city_code":"021509","city_name":"Calayan","province_code":"0215","psgc_code":"021509000","region_desc":"02"},{"city_code":"021510","city_name":"Camalaniugan","province_code":"0215","psgc_code":"021510000","region_desc":"02"},{"city_code":"021511","city_name":"Claveria","province_code":"0215","psgc_code":"021511000","region_desc":"02"},{"city_code":"021512","city_name":"Enrile","province_code":"0215","psgc_code":"021512000","region_desc":"02"},{"city_code":"021513","city_name":"Gattaran","province_code":"0215","psgc_code":"021513000","region_desc":"02"},{"city_code":"021514","city_name":"Gonzaga","province_code":"0215","psgc_code":"021514000","region_desc":"02"},{"city_code":"021515","city_name":"Iguig","province_code":"0215","psgc_code":"021515000","region_desc":"02"},{"city_code":"021516","city_name":"Lal-lo","province_code":"0215","psgc_code":"021516000","region_desc":"02"},{"city_code":"021517","city_name":"Lasam","province_code":"0215","psgc_code":"021517000","region_desc":"02"},{"city_code":"021518","city_name":"Pamplona","province_code":"0215","psgc_code":"021518000","region_desc":"02"},{"city_code":"021519","city_name":"Peñablanca","province_code":"0215","psgc_code":"021519000","region_desc":"02"},{"city_code":"021520","city_name":"Piat","province_code":"0215","psgc_code":"021520000","region_desc":"02"},{"city_code":"021521","city_name":"Rizal","province_code":"0215","psgc_code":"021521000","region_desc":"02"},{"city_code":"021522","city_name":"Sanchez-mira","province_code":"0215","psgc_code":"021522000","region_desc":"02"},{"city_code":"021523","city_name":"Santa Ana","province_code":"0215","psgc_code":"021523000","region_desc":"02"},{"city_code":"021524","city_name":"Santa Praxedes","province_code":"0215","psgc_code":"021524000","region_desc":"02"},{"city_code":"021525","city_name":"Santa Teresita","province_code":"0215","psgc_code":"021525000","region_desc":"02"},{"city_code":"021526","city_name":"Santo Niño (Faire)","province_code":"0215","psgc_code":"021526000","region_desc":"02"},{"city_code":"021527","city_name":"Solana","province_code":"0215","psgc_code":"021527000","region_desc":"02"},{"city_code":"021528","city_name":"Tuao","province_code":"0215","psgc_code":"021528000","region_desc":"02"},{"city_code":"021529","city_name":"Tuguegarao City (Capital)","province_code":"0215","psgc_code":"021529000","region_desc":"02"},{"city_code":"023101","city_name":"Alicia","province_code":"0231","psgc_code":"023101000","region_desc":"02"},{"city_code":"023102","city_name":"Angadanan","province_code":"0231","psgc_code":"023102000","region_desc":"02"},{"city_code":"023103","city_name":"Aurora","province_code":"0231","psgc_code":"023103000","region_desc":"02"},{"city_code":"023104","city_name":"Benito Soliven","province_code":"0231","psgc_code":"023104000","region_desc":"02"},{"city_code":"023105","city_name":"Burgos","province_code":"0231","psgc_code":"023105000","region_desc":"02"},{"city_code":"023106","city_name":"Cabagan","province_code":"0231","psgc_code":"023106000","region_desc":"02"},{"city_code":"023107","city_name":"Cabatuan","province_code":"0231","psgc_code":"023107000","region_desc":"02"},{"city_code":"023108","city_name":"City Of Cauayan","province_code":"0231","psgc_code":"023108000","region_desc":"02"},{"city_code":"023109","city_name":"Cordon","province_code":"0231","psgc_code":"023109000","region_desc":"02"},{"city_code":"023110","city_name":"Dinapigue","province_code":"0231","psgc_code":"023110000","region_desc":"02"},{"city_code":"023111","city_name":"Divilacan","province_code":"0231","psgc_code":"023111000","region_desc":"02"},{"city_code":"023112","city_name":"Echague","province_code":"0231","psgc_code":"023112000","region_desc":"02"},{"city_code":"023113","city_name":"Gamu","province_code":"0231","psgc_code":"023113000","region_desc":"02"},{"city_code":"023114","city_name":"Ilagan City (Capital)","province_code":"0231","psgc_code":"023114000","region_desc":"02"},{"city_code":"023115","city_name":"Jones","province_code":"0231","psgc_code":"023115000","region_desc":"02"},{"city_code":"023116","city_name":"Luna","province_code":"0231","psgc_code":"023116000","region_desc":"02"},{"city_code":"023117","city_name":"Maconacon","province_code":"0231","psgc_code":"023117000","region_desc":"02"},{"city_code":"023118","city_name":"Delfin Albano (Magsaysay)","province_code":"0231","psgc_code":"023118000","region_desc":"02"},{"city_code":"023119","city_name":"Mallig","province_code":"0231","psgc_code":"023119000","region_desc":"02"},{"city_code":"023120","city_name":"Naguilian","province_code":"0231","psgc_code":"023120000","region_desc":"02"},{"city_code":"023121","city_name":"Palanan","province_code":"0231","psgc_code":"023121000","region_desc":"02"},{"city_code":"023122","city_name":"Quezon","province_code":"0231","psgc_code":"023122000","region_desc":"02"},{"city_code":"023123","city_name":"Quirino","province_code":"0231","psgc_code":"023123000","region_desc":"02"},{"city_code":"023124","city_name":"Ramon","province_code":"0231","psgc_code":"023124000","region_desc":"02"},{"city_code":"023125","city_name":"Reina Mercedes","province_code":"0231","psgc_code":"023125000","region_desc":"02"},{"city_code":"023126","city_name":"Roxas","province_code":"0231","psgc_code":"023126000","region_desc":"02"},{"city_code":"023127","city_name":"San Agustin","province_code":"0231","psgc_code":"023127000","region_desc":"02"},{"city_code":"023128","city_name":"San Guillermo","province_code":"0231","psgc_code":"023128000","region_desc":"02"},{"city_code":"023129","city_name":"San Isidro","province_code":"0231","psgc_code":"023129000","region_desc":"02"},{"city_code":"023130","city_name":"San Manuel","province_code":"0231","psgc_code":"023130000","region_desc":"02"},{"city_code":"023131","city_name":"San Mariano","province_code":"0231","psgc_code":"023131000","region_desc":"02"},{"city_code":"023132","city_name":"San Mateo","province_code":"0231","psgc_code":"023132000","region_desc":"02"},{"city_code":"023133","city_name":"San Pablo","province_code":"0231","psgc_code":"023133000","region_desc":"02"},{"city_code":"023134","city_name":"Santa Maria","province_code":"0231","psgc_code":"023134000","region_desc":"02"},{"city_code":"023135","city_name":"City Of Santiago","province_code":"0231","psgc_code":"023135000","region_desc":"02"},{"city_code":"023136","city_name":"Santo Tomas","province_code":"0231","psgc_code":"023136000","region_desc":"02"},{"city_code":"023137","city_name":"Tumauini","province_code":"0231","psgc_code":"023137000","region_desc":"02"},{"city_code":"025001","city_name":"Ambaguio","province_code":"0250","psgc_code":"025001000","region_desc":"02"},{"city_code":"025002","city_name":"Aritao","province_code":"0250","psgc_code":"025002000","region_desc":"02"},{"city_code":"025003","city_name":"Bagabag","province_code":"0250","psgc_code":"025003000","region_desc":"02"},{"city_code":"025004","city_name":"Bambang","province_code":"0250","psgc_code":"025004000","region_desc":"02"},{"city_code":"025005","city_name":"Bayombong (Capital)","province_code":"0250","psgc_code":"025005000","region_desc":"02"},{"city_code":"025006","city_name":"Diadi","province_code":"0250","psgc_code":"025006000","region_desc":"02"},{"city_code":"025007","city_name":"Dupax Del Norte","province_code":"0250","psgc_code":"025007000","region_desc":"02"},{"city_code":"025008","city_name":"Dupax Del Sur","province_code":"0250","psgc_code":"025008000","region_desc":"02"},{"city_code":"025009","city_name":"Kasibu","province_code":"0250","psgc_code":"025009000","region_desc":"02"},{"city_code":"025010","city_name":"Kayapa","province_code":"0250","psgc_code":"025010000","region_desc":"02"},{"city_code":"025011","city_name":"Quezon","province_code":"0250","psgc_code":"025011000","region_desc":"02"},{"city_code":"025012","city_name":"Santa Fe","province_code":"0250","psgc_code":"025012000","region_desc":"02"},{"city_code":"025013","city_name":"Solano","province_code":"0250","psgc_code":"025013000","region_desc":"02"},{"city_code":"025014","city_name":"Villaverde","province_code":"0250","psgc_code":"025014000","region_desc":"02"},{"city_code":"025015","city_name":"Alfonso Castaneda","province_code":"0250","psgc_code":"025015000","region_desc":"02"},{"city_code":"025701","city_name":"Aglipay","province_code":"0257","psgc_code":"025701000","region_desc":"02"},{"city_code":"025702","city_name":"Cabarroguis (Capital)","province_code":"0257","psgc_code":"025702000","region_desc":"02"},{"city_code":"025703","city_name":"Diffun","province_code":"0257","psgc_code":"025703000","region_desc":"02"},{"city_code":"025704","city_name":"Maddela","province_code":"0257","psgc_code":"025704000","region_desc":"02"},{"city_code":"025705","city_name":"Saguday","province_code":"0257","psgc_code":"025705000","region_desc":"02"},{"city_code":"025706","city_name":"Nagtipunan","province_code":"0257","psgc_code":"025706000","region_desc":"02"},{"city_code":"030801","city_name":"Abucay","province_code":"0308","psgc_code":"030801000","region_desc":"03"},{"city_code":"030802","city_name":"Bagac","province_code":"0308","psgc_code":"030802000","region_desc":"03"},{"city_code":"030803","city_name":"City Of Balanga (Capital)","province_code":"0308","psgc_code":"030803000","region_desc":"03"},{"city_code":"030804","city_name":"Dinalupihan","province_code":"0308","psgc_code":"030804000","region_desc":"03"},{"city_code":"030805","city_name":"Hermosa","province_code":"0308","psgc_code":"030805000","region_desc":"03"},{"city_code":"030806","city_name":"Limay","province_code":"0308","psgc_code":"030806000","region_desc":"03"},{"city_code":"030807","city_name":"Mariveles","province_code":"0308","psgc_code":"030807000","region_desc":"03"},{"city_code":"030808","city_name":"Morong","province_code":"0308","psgc_code":"030808000","region_desc":"03"},{"city_code":"030809","city_name":"Orani","province_code":"0308","psgc_code":"030809000","region_desc":"03"},{"city_code":"030810","city_name":"Orion","province_code":"0308","psgc_code":"030810000","region_desc":"03"},{"city_code":"030811","city_name":"Pilar","province_code":"0308","psgc_code":"030811000","region_desc":"03"},{"city_code":"030812","city_name":"Samal","province_code":"0308","psgc_code":"030812000","region_desc":"03"},{"city_code":"031401","city_name":"Angat","province_code":"0314","psgc_code":"031401000","region_desc":"03"},{"city_code":"031402","city_name":"Balagtas (Bigaa)","province_code":"0314","psgc_code":"031402000","region_desc":"03"},{"city_code":"031403","city_name":"Baliuag","province_code":"0314","psgc_code":"031403000","region_desc":"03"},{"city_code":"031404","city_name":"Bocaue","province_code":"0314","psgc_code":"031404000","region_desc":"03"},{"city_code":"031405","city_name":"Bulacan","province_code":"0314","psgc_code":"031405000","region_desc":"03"},{"city_code":"031406","city_name":"Bustos","province_code":"0314","psgc_code":"031406000","region_desc":"03"},{"city_code":"031407","city_name":"Calumpit","province_code":"0314","psgc_code":"031407000","region_desc":"03"},{"city_code":"031408","city_name":"Guiguinto","province_code":"0314","psgc_code":"031408000","region_desc":"03"},{"city_code":"031409","city_name":"Hagonoy","province_code":"0314","psgc_code":"031409000","region_desc":"03"},{"city_code":"031410","city_name":"City Of Malolos (Capital)","province_code":"0314","psgc_code":"031410000","region_desc":"03"},{"city_code":"031411","city_name":"Marilao","province_code":"0314","psgc_code":"031411000","region_desc":"03"},{"city_code":"031412","city_name":"City Of Meycauayan","province_code":"0314","psgc_code":"031412000","region_desc":"03"},{"city_code":"031413","city_name":"Norzagaray","province_code":"0314","psgc_code":"031413000","region_desc":"03"},{"city_code":"031414","city_name":"Obando","province_code":"0314","psgc_code":"031414000","region_desc":"03"},{"city_code":"031415","city_name":"Pandi","province_code":"0314","psgc_code":"031415000","region_desc":"03"},{"city_code":"031416","city_name":"Paombong","province_code":"0314","psgc_code":"031416000","region_desc":"03"},{"city_code":"031417","city_name":"Plaridel","province_code":"0314","psgc_code":"031417000","region_desc":"03"},{"city_code":"031418","city_name":"Pulilan","province_code":"0314","psgc_code":"031418000","region_desc":"03"},{"city_code":"031419","city_name":"San Ildefonso","province_code":"0314","psgc_code":"031419000","region_desc":"03"},{"city_code":"031420","city_name":"City Of San Jose Del Monte","province_code":"0314","psgc_code":"031420000","region_desc":"03"},{"city_code":"031421","city_name":"San Miguel","province_code":"0314","psgc_code":"031421000","region_desc":"03"},{"city_code":"031422","city_name":"San Rafael","province_code":"0314","psgc_code":"031422000","region_desc":"03"},{"city_code":"031423","city_name":"Santa Maria","province_code":"0314","psgc_code":"031423000","region_desc":"03"},{"city_code":"031424","city_name":"Doña Remedios Trinidad","province_code":"0314","psgc_code":"031424000","region_desc":"03"},{"city_code":"034901","city_name":"Aliaga","province_code":"0349","psgc_code":"034901000","region_desc":"03"},{"city_code":"034902","city_name":"Bongabon","province_code":"0349","psgc_code":"034902000","region_desc":"03"},{"city_code":"034903","city_name":"Cabanatuan City","province_code":"0349","psgc_code":"034903000","region_desc":"03"},{"city_code":"034904","city_name":"Cabiao","province_code":"0349","psgc_code":"034904000","region_desc":"03"},{"city_code":"034905","city_name":"Carranglan","province_code":"0349","psgc_code":"034905000","region_desc":"03"},{"city_code":"034906","city_name":"Cuyapo","province_code":"0349","psgc_code":"034906000","region_desc":"03"},{"city_code":"034907","city_name":"Gabaldon (Bitulok & Sabani)","province_code":"0349","psgc_code":"034907000","region_desc":"03"},{"city_code":"034908","city_name":"City Of Gapan","province_code":"0349","psgc_code":"034908000","region_desc":"03"},{"city_code":"034909","city_name":"General Mamerto Natividad","province_code":"0349","psgc_code":"034909000","region_desc":"03"},{"city_code":"034910","city_name":"General Tinio (Papaya)","province_code":"0349","psgc_code":"034910000","region_desc":"03"},{"city_code":"034911","city_name":"Guimba","province_code":"0349","psgc_code":"034911000","region_desc":"03"},{"city_code":"034912","city_name":"Jaen","province_code":"0349","psgc_code":"034912000","region_desc":"03"},{"city_code":"034913","city_name":"Laur","province_code":"0349","psgc_code":"034913000","region_desc":"03"},{"city_code":"034914","city_name":"Licab","province_code":"0349","psgc_code":"034914000","region_desc":"03"},{"city_code":"034915","city_name":"Llanera","province_code":"0349","psgc_code":"034915000","region_desc":"03"},{"city_code":"034916","city_name":"Lupao","province_code":"0349","psgc_code":"034916000","region_desc":"03"},{"city_code":"034917","city_name":"Science City Of Muñoz","province_code":"0349","psgc_code":"034917000","region_desc":"03"},{"city_code":"034918","city_name":"Nampicuan","province_code":"0349","psgc_code":"034918000","region_desc":"03"},{"city_code":"034919","city_name":"Palayan City (Capital)","province_code":"0349","psgc_code":"034919000","region_desc":"03"},{"city_code":"034920","city_name":"Pantabangan","province_code":"0349","psgc_code":"034920000","region_desc":"03"},{"city_code":"034921","city_name":"Peñaranda","province_code":"0349","psgc_code":"034921000","region_desc":"03"},{"city_code":"034922","city_name":"Quezon","province_code":"0349","psgc_code":"034922000","region_desc":"03"},{"city_code":"034923","city_name":"Rizal","province_code":"0349","psgc_code":"034923000","region_desc":"03"},{"city_code":"034924","city_name":"San Antonio","province_code":"0349","psgc_code":"034924000","region_desc":"03"},{"city_code":"034925","city_name":"San Isidro","province_code":"0349","psgc_code":"034925000","region_desc":"03"},{"city_code":"034926","city_name":"San Jose City","province_code":"0349","psgc_code":"034926000","region_desc":"03"},{"city_code":"034927","city_name":"San Leonardo","province_code":"0349","psgc_code":"034927000","region_desc":"03"},{"city_code":"034928","city_name":"Santa Rosa","province_code":"0349","psgc_code":"034928000","region_desc":"03"},{"city_code":"034929","city_name":"Santo Domingo","province_code":"0349","psgc_code":"034929000","region_desc":"03"},{"city_code":"034930","city_name":"Talavera","province_code":"0349","psgc_code":"034930000","region_desc":"03"},{"city_code":"034931","city_name":"Talugtug","province_code":"0349","psgc_code":"034931000","region_desc":"03"},{"city_code":"034932","city_name":"Zaragoza","province_code":"0349","psgc_code":"034932000","region_desc":"03"},{"city_code":"035401","city_name":"Angeles City","province_code":"0354","psgc_code":"035401000","region_desc":"03"},{"city_code":"035402","city_name":"Apalit","province_code":"0354","psgc_code":"035402000","region_desc":"03"},{"city_code":"035403","city_name":"Arayat","province_code":"0354","psgc_code":"035403000","region_desc":"03"},{"city_code":"035404","city_name":"Bacolor","province_code":"0354","psgc_code":"035404000","region_desc":"03"},{"city_code":"035405","city_name":"Candaba","province_code":"0354","psgc_code":"035405000","region_desc":"03"},{"city_code":"035406","city_name":"Floridablanca","province_code":"0354","psgc_code":"035406000","region_desc":"03"},{"city_code":"035407","city_name":"Guagua","province_code":"0354","psgc_code":"035407000","region_desc":"03"},{"city_code":"035408","city_name":"Lubao","province_code":"0354","psgc_code":"035408000","region_desc":"03"},{"city_code":"035409","city_name":"Mabalacat City","province_code":"0354","psgc_code":"035409000","region_desc":"03"},{"city_code":"035410","city_name":"Macabebe","province_code":"0354","psgc_code":"035410000","region_desc":"03"},{"city_code":"035411","city_name":"Magalang","province_code":"0354","psgc_code":"035411000","region_desc":"03"},{"city_code":"035412","city_name":"Masantol","province_code":"0354","psgc_code":"035412000","region_desc":"03"},{"city_code":"035413","city_name":"Mexico","province_code":"0354","psgc_code":"035413000","region_desc":"03"},{"city_code":"035414","city_name":"Minalin","province_code":"0354","psgc_code":"035414000","region_desc":"03"},{"city_code":"035415","city_name":"Porac","province_code":"0354","psgc_code":"035415000","region_desc":"03"},{"city_code":"035416","city_name":"City Of San Fernando (Capital)","province_code":"0354","psgc_code":"035416000","region_desc":"03"},{"city_code":"035417","city_name":"San Luis","province_code":"0354","psgc_code":"035417000","region_desc":"03"},{"city_code":"035418","city_name":"San Simon","province_code":"0354","psgc_code":"035418000","region_desc":"03"},{"city_code":"035419","city_name":"Santa Ana","province_code":"0354","psgc_code":"035419000","region_desc":"03"},{"city_code":"035420","city_name":"Santa Rita","province_code":"0354","psgc_code":"035420000","region_desc":"03"},{"city_code":"035421","city_name":"Santo Tomas","province_code":"0354","psgc_code":"035421000","region_desc":"03"},{"city_code":"035422","city_name":"Sasmuan (Sexmoan)","province_code":"0354","psgc_code":"035422000","region_desc":"03"},{"city_code":"036901","city_name":"Anao","province_code":"0369","psgc_code":"036901000","region_desc":"03"},{"city_code":"036902","city_name":"Bamban","province_code":"0369","psgc_code":"036902000","region_desc":"03"},{"city_code":"036903","city_name":"Camiling","province_code":"0369","psgc_code":"036903000","region_desc":"03"},{"city_code":"036904","city_name":"Capas","province_code":"0369","psgc_code":"036904000","region_desc":"03"},{"city_code":"036905","city_name":"Concepcion","province_code":"0369","psgc_code":"036905000","region_desc":"03"},{"city_code":"036906","city_name":"Gerona","province_code":"0369","psgc_code":"036906000","region_desc":"03"},{"city_code":"036907","city_name":"La Paz","province_code":"0369","psgc_code":"036907000","region_desc":"03"},{"city_code":"036908","city_name":"Mayantoc","province_code":"0369","psgc_code":"036908000","region_desc":"03"},{"city_code":"036909","city_name":"Moncada","province_code":"0369","psgc_code":"036909000","region_desc":"03"},{"city_code":"036910","city_name":"Paniqui","province_code":"0369","psgc_code":"036910000","region_desc":"03"},{"city_code":"036911","city_name":"Pura","province_code":"0369","psgc_code":"036911000","region_desc":"03"},{"city_code":"036912","city_name":"Ramos","province_code":"0369","psgc_code":"036912000","region_desc":"03"},{"city_code":"036913","city_name":"San Clemente","province_code":"0369","psgc_code":"036913000","region_desc":"03"},{"city_code":"036914","city_name":"San Manuel","province_code":"0369","psgc_code":"036914000","region_desc":"03"},{"city_code":"036915","city_name":"Santa Ignacia","province_code":"0369","psgc_code":"036915000","region_desc":"03"},{"city_code":"036916","city_name":"City Of Tarlac (Capital)","province_code":"0369","psgc_code":"036916000","region_desc":"03"},{"city_code":"036917","city_name":"Victoria","province_code":"0369","psgc_code":"036917000","region_desc":"03"},{"city_code":"036918","city_name":"San Jose","province_code":"0369","psgc_code":"036918000","region_desc":"03"},{"city_code":"037101","city_name":"Botolan","province_code":"0371","psgc_code":"037101000","region_desc":"03"},{"city_code":"037102","city_name":"Cabangan","province_code":"0371","psgc_code":"037102000","region_desc":"03"},{"city_code":"037103","city_name":"Candelaria","province_code":"0371","psgc_code":"037103000","region_desc":"03"},{"city_code":"037104","city_name":"Castillejos","province_code":"0371","psgc_code":"037104000","region_desc":"03"},{"city_code":"037105","city_name":"Iba (Capital)","province_code":"0371","psgc_code":"037105000","region_desc":"03"},{"city_code":"037106","city_name":"Masinloc","province_code":"0371","psgc_code":"037106000","region_desc":"03"},{"city_code":"037107","city_name":"Olongapo City","province_code":"0371","psgc_code":"037107000","region_desc":"03"},{"city_code":"037108","city_name":"Palauig","province_code":"0371","psgc_code":"037108000","region_desc":"03"},{"city_code":"037109","city_name":"San Antonio","province_code":"0371","psgc_code":"037109000","region_desc":"03"},{"city_code":"037110","city_name":"San Felipe","province_code":"0371","psgc_code":"037110000","region_desc":"03"},{"city_code":"037111","city_name":"San Marcelino","province_code":"0371","psgc_code":"037111000","region_desc":"03"},{"city_code":"037112","city_name":"San Narciso","province_code":"0371","psgc_code":"037112000","region_desc":"03"},{"city_code":"037113","city_name":"Santa Cruz","province_code":"0371","psgc_code":"037113000","region_desc":"03"},{"city_code":"037114","city_name":"Subic","province_code":"0371","psgc_code":"037114000","region_desc":"03"},{"city_code":"037701","city_name":"Baler (Capital)","province_code":"0377","psgc_code":"037701000","region_desc":"03"},{"city_code":"037702","city_name":"Casiguran","province_code":"0377","psgc_code":"037702000","region_desc":"03"},{"city_code":"037703","city_name":"Dilasag","province_code":"0377","psgc_code":"037703000","region_desc":"03"},{"city_code":"037704","city_name":"Dinalungan","province_code":"0377","psgc_code":"037704000","region_desc":"03"},{"city_code":"037705","city_name":"Dingalan","province_code":"0377","psgc_code":"037705000","region_desc":"03"},{"city_code":"037706","city_name":"Dipaculao","province_code":"0377","psgc_code":"037706000","region_desc":"03"},{"city_code":"037707","city_name":"Maria Aurora","province_code":"0377","psgc_code":"037707000","region_desc":"03"},{"city_code":"037708","city_name":"San Luis","province_code":"0377","psgc_code":"037708000","region_desc":"03"},{"city_code":"041001","city_name":"Agoncillo","province_code":"0410","psgc_code":"041001000","region_desc":"04"},{"city_code":"041002","city_name":"Alitagtag","province_code":"0410","psgc_code":"041002000","region_desc":"04"},{"city_code":"041003","city_name":"Balayan","province_code":"0410","psgc_code":"041003000","region_desc":"04"},{"city_code":"041004","city_name":"Balete","province_code":"0410","psgc_code":"041004000","region_desc":"04"},{"city_code":"041005","city_name":"Batangas City (Capital)","province_code":"0410","psgc_code":"041005000","region_desc":"04"},{"city_code":"041006","city_name":"Bauan","province_code":"0410","psgc_code":"041006000","region_desc":"04"},{"city_code":"041007","city_name":"Calaca","province_code":"0410","psgc_code":"041007000","region_desc":"04"},{"city_code":"041008","city_name":"Calatagan","province_code":"0410","psgc_code":"041008000","region_desc":"04"},{"city_code":"041009","city_name":"Cuenca","province_code":"0410","psgc_code":"041009000","region_desc":"04"},{"city_code":"041010","city_name":"Ibaan","province_code":"0410","psgc_code":"041010000","region_desc":"04"},{"city_code":"041011","city_name":"Laurel","province_code":"0410","psgc_code":"041011000","region_desc":"04"},{"city_code":"041012","city_name":"Lemery","province_code":"0410","psgc_code":"041012000","region_desc":"04"},{"city_code":"041013","city_name":"Lian","province_code":"0410","psgc_code":"041013000","region_desc":"04"},{"city_code":"041014","city_name":"Lipa City","province_code":"0410","psgc_code":"041014000","region_desc":"04"},{"city_code":"041015","city_name":"Lobo","province_code":"0410","psgc_code":"041015000","region_desc":"04"},{"city_code":"041016","city_name":"Mabini","province_code":"0410","psgc_code":"041016000","region_desc":"04"},{"city_code":"041017","city_name":"Malvar","province_code":"0410","psgc_code":"041017000","region_desc":"04"},{"city_code":"041018","city_name":"Mataasnakahoy","province_code":"0410","psgc_code":"041018000","region_desc":"04"},{"city_code":"041019","city_name":"Nasugbu","province_code":"0410","psgc_code":"041019000","region_desc":"04"},{"city_code":"041020","city_name":"Padre Garcia","province_code":"0410","psgc_code":"041020000","region_desc":"04"},{"city_code":"041021","city_name":"Rosario","province_code":"0410","psgc_code":"041021000","region_desc":"04"},{"city_code":"041022","city_name":"San Jose","province_code":"0410","psgc_code":"041022000","region_desc":"04"},{"city_code":"041023","city_name":"San Juan","province_code":"0410","psgc_code":"041023000","region_desc":"04"},{"city_code":"041024","city_name":"San Luis","province_code":"0410","psgc_code":"041024000","region_desc":"04"},{"city_code":"041025","city_name":"San Nicolas","province_code":"0410","psgc_code":"041025000","region_desc":"04"},{"city_code":"041026","city_name":"San Pascual","province_code":"0410","psgc_code":"041026000","region_desc":"04"},{"city_code":"041027","city_name":"Santa Teresita","province_code":"0410","psgc_code":"041027000","region_desc":"04"},{"city_code":"041028","city_name":"Santo Tomas","province_code":"0410","psgc_code":"041028000","region_desc":"04"},{"city_code":"041029","city_name":"Taal","province_code":"0410","psgc_code":"041029000","region_desc":"04"},{"city_code":"041030","city_name":"Talisay","province_code":"0410","psgc_code":"041030000","region_desc":"04"},{"city_code":"041031","city_name":"City Of Tanauan","province_code":"0410","psgc_code":"041031000","region_desc":"04"},{"city_code":"041032","city_name":"Taysan","province_code":"0410","psgc_code":"041032000","region_desc":"04"},{"city_code":"041033","city_name":"Tingloy","province_code":"0410","psgc_code":"041033000","region_desc":"04"},{"city_code":"041034","city_name":"Tuy","province_code":"0410","psgc_code":"041034000","region_desc":"04"},{"city_code":"042101","city_name":"Alfonso","province_code":"0421","psgc_code":"042101000","region_desc":"04"},{"city_code":"042102","city_name":"Amadeo","province_code":"0421","psgc_code":"042102000","region_desc":"04"},{"city_code":"042103","city_name":"Bacoor City","province_code":"0421","psgc_code":"042103000","region_desc":"04"},{"city_code":"042104","city_name":"Carmona","province_code":"0421","psgc_code":"042104000","region_desc":"04"},{"city_code":"042105","city_name":"Cavite City","province_code":"0421","psgc_code":"042105000","region_desc":"04"},{"city_code":"042106","city_name":"City Of Dasmariñas","province_code":"0421","psgc_code":"042106000","region_desc":"04"},{"city_code":"042107","city_name":"General Emilio Aguinaldo","province_code":"0421","psgc_code":"042107000","region_desc":"04"},{"city_code":"042108","city_name":"General Trias","province_code":"0421","psgc_code":"042108000","region_desc":"04"},{"city_code":"042109","city_name":"Imus City","province_code":"0421","psgc_code":"042109000","region_desc":"04"},{"city_code":"042110","city_name":"Indang","province_code":"0421","psgc_code":"042110000","region_desc":"04"},{"city_code":"042111","city_name":"Kawit","province_code":"0421","psgc_code":"042111000","region_desc":"04"},{"city_code":"042112","city_name":"Magallanes","province_code":"0421","psgc_code":"042112000","region_desc":"04"},{"city_code":"042113","city_name":"Maragondon","province_code":"0421","psgc_code":"042113000","region_desc":"04"},{"city_code":"042114","city_name":"Mendez (Mendez-nuñez)","province_code":"0421","psgc_code":"042114000","region_desc":"04"},{"city_code":"042115","city_name":"Naic","province_code":"0421","psgc_code":"042115000","region_desc":"04"},{"city_code":"042116","city_name":"Noveleta","province_code":"0421","psgc_code":"042116000","region_desc":"04"},{"city_code":"042117","city_name":"Rosario","province_code":"0421","psgc_code":"042117000","region_desc":"04"},{"city_code":"042118","city_name":"Silang","province_code":"0421","psgc_code":"042118000","region_desc":"04"},{"city_code":"042119","city_name":"Tagaytay City","province_code":"0421","psgc_code":"042119000","region_desc":"04"},{"city_code":"042120","city_name":"Tanza","province_code":"0421","psgc_code":"042120000","region_desc":"04"},{"city_code":"042121","city_name":"Ternate","province_code":"0421","psgc_code":"042121000","region_desc":"04"},{"city_code":"042122","city_name":"Trece Martires City (Capital)","province_code":"0421","psgc_code":"042122000","region_desc":"04"},{"city_code":"042123","city_name":"Gen. Mariano Alvarez","province_code":"0421","psgc_code":"042123000","region_desc":"04"},{"city_code":"043401","city_name":"Alaminos","province_code":"0434","psgc_code":"043401000","region_desc":"04"},{"city_code":"043402","city_name":"Bay","province_code":"0434","psgc_code":"043402000","region_desc":"04"},{"city_code":"043403","city_name":"City Of Biñan","province_code":"0434","psgc_code":"043403000","region_desc":"04"},{"city_code":"043404","city_name":"Cabuyao City","province_code":"0434","psgc_code":"043404000","region_desc":"04"},{"city_code":"043405","city_name":"City Of Calamba","province_code":"0434","psgc_code":"043405000","region_desc":"04"},{"city_code":"043406","city_name":"Calauan","province_code":"0434","psgc_code":"043406000","region_desc":"04"},{"city_code":"043407","city_name":"Cavinti","province_code":"0434","psgc_code":"043407000","region_desc":"04"},{"city_code":"043408","city_name":"Famy","province_code":"0434","psgc_code":"043408000","region_desc":"04"},{"city_code":"043409","city_name":"Kalayaan","province_code":"0434","psgc_code":"043409000","region_desc":"04"},{"city_code":"043410","city_name":"Liliw","province_code":"0434","psgc_code":"043410000","region_desc":"04"},{"city_code":"043411","city_name":"Los Baños","province_code":"0434","psgc_code":"043411000","region_desc":"04"},{"city_code":"043412","city_name":"Luisiana","province_code":"0434","psgc_code":"043412000","region_desc":"04"},{"city_code":"043413","city_name":"Lumban","province_code":"0434","psgc_code":"043413000","region_desc":"04"},{"city_code":"043414","city_name":"Mabitac","province_code":"0434","psgc_code":"043414000","region_desc":"04"},{"city_code":"043415","city_name":"Magdalena","province_code":"0434","psgc_code":"043415000","region_desc":"04"},{"city_code":"043416","city_name":"Majayjay","province_code":"0434","psgc_code":"043416000","region_desc":"04"},{"city_code":"043417","city_name":"Nagcarlan","province_code":"0434","psgc_code":"043417000","region_desc":"04"},{"city_code":"043418","city_name":"Paete","province_code":"0434","psgc_code":"043418000","region_desc":"04"},{"city_code":"043419","city_name":"Pagsanjan","province_code":"0434","psgc_code":"043419000","region_desc":"04"},{"city_code":"043420","city_name":"Pakil","province_code":"0434","psgc_code":"043420000","region_desc":"04"},{"city_code":"043421","city_name":"Pangil","province_code":"0434","psgc_code":"043421000","region_desc":"04"},{"city_code":"043422","city_name":"Pila","province_code":"0434","psgc_code":"043422000","region_desc":"04"},{"city_code":"043423","city_name":"Rizal","province_code":"0434","psgc_code":"043423000","region_desc":"04"},{"city_code":"043424","city_name":"San Pablo City","province_code":"0434","psgc_code":"043424000","region_desc":"04"},{"city_code":"043425","city_name":"City Of San Pedro","province_code":"0434","psgc_code":"043425000","region_desc":"04"},{"city_code":"043426","city_name":"Santa Cruz (Capital)","province_code":"0434","psgc_code":"043426000","region_desc":"04"},{"city_code":"043427","city_name":"Santa Maria","province_code":"0434","psgc_code":"043427000","region_desc":"04"},{"city_code":"043428","city_name":"City Of Santa Rosa","province_code":"0434","psgc_code":"043428000","region_desc":"04"},{"city_code":"043429","city_name":"Siniloan","province_code":"0434","psgc_code":"043429000","region_desc":"04"},{"city_code":"043430","city_name":"Victoria","province_code":"0434","psgc_code":"043430000","region_desc":"04"},{"city_code":"045601","city_name":"Agdangan","province_code":"0456","psgc_code":"045601000","region_desc":"04"},{"city_code":"045602","city_name":"Alabat","province_code":"0456","psgc_code":"045602000","region_desc":"04"},{"city_code":"045603","city_name":"Atimonan","province_code":"0456","psgc_code":"045603000","region_desc":"04"},{"city_code":"045605","city_name":"Buenavista","province_code":"0456","psgc_code":"045605000","region_desc":"04"},{"city_code":"045606","city_name":"Burdeos","province_code":"0456","psgc_code":"045606000","region_desc":"04"},{"city_code":"045607","city_name":"Calauag","province_code":"0456","psgc_code":"045607000","region_desc":"04"},{"city_code":"045608","city_name":"Candelaria","province_code":"0456","psgc_code":"045608000","region_desc":"04"},{"city_code":"045610","city_name":"Catanauan","province_code":"0456","psgc_code":"045610000","region_desc":"04"},{"city_code":"045615","city_name":"Dolores","province_code":"0456","psgc_code":"045615000","region_desc":"04"},{"city_code":"045616","city_name":"General Luna","province_code":"0456","psgc_code":"045616000","region_desc":"04"},{"city_code":"045617","city_name":"General Nakar","province_code":"0456","psgc_code":"045617000","region_desc":"04"},{"city_code":"045618","city_name":"Guinayangan","province_code":"0456","psgc_code":"045618000","region_desc":"04"},{"city_code":"045619","city_name":"Gumaca","province_code":"0456","psgc_code":"045619000","region_desc":"04"},{"city_code":"045620","city_name":"Infanta","province_code":"0456","psgc_code":"045620000","region_desc":"04"},{"city_code":"045621","city_name":"Jomalig","province_code":"0456","psgc_code":"045621000","region_desc":"04"},{"city_code":"045622","city_name":"Lopez","province_code":"0456","psgc_code":"045622000","region_desc":"04"},{"city_code":"045623","city_name":"Lucban","province_code":"0456","psgc_code":"045623000","region_desc":"04"},{"city_code":"045624","city_name":"Lucena City (Capital)","province_code":"0456","psgc_code":"045624000","region_desc":"04"},{"city_code":"045625","city_name":"Macalelon","province_code":"0456","psgc_code":"045625000","region_desc":"04"},{"city_code":"045627","city_name":"Mauban","province_code":"0456","psgc_code":"045627000","region_desc":"04"},{"city_code":"045628","city_name":"Mulanay","province_code":"0456","psgc_code":"045628000","region_desc":"04"},{"city_code":"045629","city_name":"Padre Burgos","province_code":"0456","psgc_code":"045629000","region_desc":"04"},{"city_code":"045630","city_name":"Pagbilao","province_code":"0456","psgc_code":"045630000","region_desc":"04"},{"city_code":"045631","city_name":"Panukulan","province_code":"0456","psgc_code":"045631000","region_desc":"04"},{"city_code":"045632","city_name":"Patnanungan","province_code":"0456","psgc_code":"045632000","region_desc":"04"},{"city_code":"045633","city_name":"Perez","province_code":"0456","psgc_code":"045633000","region_desc":"04"},{"city_code":"045634","city_name":"Pitogo","province_code":"0456","psgc_code":"045634000","region_desc":"04"},{"city_code":"045635","city_name":"Plaridel","province_code":"0456","psgc_code":"045635000","region_desc":"04"},{"city_code":"045636","city_name":"Polillo","province_code":"0456","psgc_code":"045636000","region_desc":"04"},{"city_code":"045637","city_name":"Quezon","province_code":"0456","psgc_code":"045637000","region_desc":"04"},{"city_code":"045638","city_name":"Real","province_code":"0456","psgc_code":"045638000","region_desc":"04"},{"city_code":"045639","city_name":"Sampaloc","province_code":"0456","psgc_code":"045639000","region_desc":"04"},{"city_code":"045640","city_name":"San Andres","province_code":"0456","psgc_code":"045640000","region_desc":"04"},{"city_code":"045641","city_name":"San Antonio","province_code":"0456","psgc_code":"045641000","region_desc":"04"},{"city_code":"045642","city_name":"San Francisco (Aurora)","province_code":"0456","psgc_code":"045642000","region_desc":"04"},{"city_code":"045644","city_name":"San Narciso","province_code":"0456","psgc_code":"045644000","region_desc":"04"},{"city_code":"045645","city_name":"Sariaya","province_code":"0456","psgc_code":"045645000","region_desc":"04"},{"city_code":"045646","city_name":"Tagkawayan","province_code":"0456","psgc_code":"045646000","region_desc":"04"},{"city_code":"045647","city_name":"City Of Tayabas","province_code":"0456","psgc_code":"045647000","region_desc":"04"},{"city_code":"045648","city_name":"Tiaong","province_code":"0456","psgc_code":"045648000","region_desc":"04"},{"city_code":"045649","city_name":"Unisan","province_code":"0456","psgc_code":"045649000","region_desc":"04"},{"city_code":"045801","city_name":"Angono","province_code":"0458","psgc_code":"045801000","region_desc":"04"},{"city_code":"045802","city_name":"City Of Antipolo","province_code":"0458","psgc_code":"045802000","region_desc":"04"},{"city_code":"045803","city_name":"Baras","province_code":"0458","psgc_code":"045803000","region_desc":"04"},{"city_code":"045804","city_name":"Binangonan","province_code":"0458","psgc_code":"045804000","region_desc":"04"},{"city_code":"045805","city_name":"Cainta","province_code":"0458","psgc_code":"045805000","region_desc":"04"},{"city_code":"045806","city_name":"Cardona","province_code":"0458","psgc_code":"045806000","region_desc":"04"},{"city_code":"045807","city_name":"Jala-jala","province_code":"0458","psgc_code":"045807000","region_desc":"04"},{"city_code":"045808","city_name":"Rodriguez (Montalban)","province_code":"0458","psgc_code":"045808000","region_desc":"04"},{"city_code":"045809","city_name":"Morong","province_code":"0458","psgc_code":"045809000","region_desc":"04"},{"city_code":"045810","city_name":"Pililla","province_code":"0458","psgc_code":"045810000","region_desc":"04"},{"city_code":"045811","city_name":"San Mateo","province_code":"0458","psgc_code":"045811000","region_desc":"04"},{"city_code":"045812","city_name":"Tanay","province_code":"0458","psgc_code":"045812000","region_desc":"04"},{"city_code":"045813","city_name":"Taytay","province_code":"0458","psgc_code":"045813000","region_desc":"04"},{"city_code":"045814","city_name":"Teresa","province_code":"0458","psgc_code":"045814000","region_desc":"04"},{"city_code":"174001","city_name":"Boac (Capital)","province_code":"1740","psgc_code":"174001000","region_desc":"17"},{"city_code":"174002","city_name":"Buenavista","province_code":"1740","psgc_code":"174002000","region_desc":"17"},{"city_code":"174003","city_name":"Gasan","province_code":"1740","psgc_code":"174003000","region_desc":"17"},{"city_code":"174004","city_name":"Mogpog","province_code":"1740","psgc_code":"174004000","region_desc":"17"},{"city_code":"174005","city_name":"Santa Cruz","province_code":"1740","psgc_code":"174005000","region_desc":"17"},{"city_code":"174006","city_name":"Torrijos","province_code":"1740","psgc_code":"174006000","region_desc":"17"},{"city_code":"175101","city_name":"Abra De Ilog","province_code":"1751","psgc_code":"175101000","region_desc":"17"},{"city_code":"175102","city_name":"Calintaan","province_code":"1751","psgc_code":"175102000","region_desc":"17"},{"city_code":"175103","city_name":"Looc","province_code":"1751","psgc_code":"175103000","region_desc":"17"},{"city_code":"175104","city_name":"Lubang","province_code":"1751","psgc_code":"175104000","region_desc":"17"},{"city_code":"175105","city_name":"Magsaysay","province_code":"1751","psgc_code":"175105000","region_desc":"17"},{"city_code":"175106","city_name":"Mamburao (Capital)","province_code":"1751","psgc_code":"175106000","region_desc":"17"},{"city_code":"175107","city_name":"Paluan","province_code":"1751","psgc_code":"175107000","region_desc":"17"},{"city_code":"175108","city_name":"Rizal","province_code":"1751","psgc_code":"175108000","region_desc":"17"},{"city_code":"175109","city_name":"Sablayan","province_code":"1751","psgc_code":"175109000","region_desc":"17"},{"city_code":"175110","city_name":"San Jose","province_code":"1751","psgc_code":"175110000","region_desc":"17"},{"city_code":"175111","city_name":"Santa Cruz","province_code":"1751","psgc_code":"175111000","region_desc":"17"},{"city_code":"175201","city_name":"Baco","province_code":"1752","psgc_code":"175201000","region_desc":"17"},{"city_code":"175202","city_name":"Bansud","province_code":"1752","psgc_code":"175202000","region_desc":"17"},{"city_code":"175203","city_name":"Bongabong","province_code":"1752","psgc_code":"175203000","region_desc":"17"},{"city_code":"175204","city_name":"Bulalacao (San Pedro)","province_code":"1752","psgc_code":"175204000","region_desc":"17"},{"city_code":"175205","city_name":"City Of Calapan (Capital)","province_code":"1752","psgc_code":"175205000","region_desc":"17"},{"city_code":"175206","city_name":"Gloria","province_code":"1752","psgc_code":"175206000","region_desc":"17"},{"city_code":"175207","city_name":"Mansalay","province_code":"1752","psgc_code":"175207000","region_desc":"17"},{"city_code":"175208","city_name":"Naujan","province_code":"1752","psgc_code":"175208000","region_desc":"17"},{"city_code":"175209","city_name":"Pinamalayan","province_code":"1752","psgc_code":"175209000","region_desc":"17"},{"city_code":"175210","city_name":"Pola","province_code":"1752","psgc_code":"175210000","region_desc":"17"},{"city_code":"175211","city_name":"Puerto Galera","province_code":"1752","psgc_code":"175211000","region_desc":"17"},{"city_code":"175212","city_name":"Roxas","province_code":"1752","psgc_code":"175212000","region_desc":"17"},{"city_code":"175213","city_name":"San Teodoro","province_code":"1752","psgc_code":"175213000","region_desc":"17"},{"city_code":"175214","city_name":"Socorro","province_code":"1752","psgc_code":"175214000","region_desc":"17"},{"city_code":"175215","city_name":"Victoria","province_code":"1752","psgc_code":"175215000","region_desc":"17"},{"city_code":"175301","city_name":"Aborlan","province_code":"1753","psgc_code":"175301000","region_desc":"17"},{"city_code":"175302","city_name":"Agutaya","province_code":"1753","psgc_code":"175302000","region_desc":"17"},{"city_code":"175303","city_name":"Araceli","province_code":"1753","psgc_code":"175303000","region_desc":"17"},{"city_code":"175304","city_name":"Balabac","province_code":"1753","psgc_code":"175304000","region_desc":"17"},{"city_code":"175305","city_name":"Bataraza","province_code":"1753","psgc_code":"175305000","region_desc":"17"},{"city_code":"175306","city_name":"Brooke's Point","province_code":"1753","psgc_code":"175306000","region_desc":"17"},{"city_code":"175307","city_name":"Busuanga","province_code":"1753","psgc_code":"175307000","region_desc":"17"},{"city_code":"175308","city_name":"Cagayancillo","province_code":"1753","psgc_code":"175308000","region_desc":"17"},{"city_code":"175309","city_name":"Coron","province_code":"1753","psgc_code":"175309000","region_desc":"17"},{"city_code":"175310","city_name":"Cuyo","province_code":"1753","psgc_code":"175310000","region_desc":"17"},{"city_code":"175311","city_name":"Dumaran","province_code":"1753","psgc_code":"175311000","region_desc":"17"},{"city_code":"175312","city_name":"El Nido (Bacuit)","province_code":"1753","psgc_code":"175312000","region_desc":"17"},{"city_code":"175313","city_name":"Linapacan","province_code":"1753","psgc_code":"175313000","region_desc":"17"},{"city_code":"175314","city_name":"Magsaysay","province_code":"1753","psgc_code":"175314000","region_desc":"17"},{"city_code":"175315","city_name":"Narra","province_code":"1753","psgc_code":"175315000","region_desc":"17"},{"city_code":"175316","city_name":"Puerto Princesa City (Capital)","province_code":"1753","psgc_code":"175316000","region_desc":"17"},{"city_code":"175317","city_name":"Quezon","province_code":"1753","psgc_code":"175317000","region_desc":"17"},{"city_code":"175318","city_name":"Roxas","province_code":"1753","psgc_code":"175318000","region_desc":"17"},{"city_code":"175319","city_name":"San Vicente","province_code":"1753","psgc_code":"175319000","region_desc":"17"},{"city_code":"175320","city_name":"Taytay","province_code":"1753","psgc_code":"175320000","region_desc":"17"},{"city_code":"175321","city_name":"Kalayaan","province_code":"1753","psgc_code":"175321000","region_desc":"17"},{"city_code":"175322","city_name":"Culion","province_code":"1753","psgc_code":"175322000","region_desc":"17"},{"city_code":"175323","city_name":"Rizal (Marcos)","province_code":"1753","psgc_code":"175323000","region_desc":"17"},{"city_code":"175324","city_name":"Sofronio Española","province_code":"1753","psgc_code":"175324000","region_desc":"17"},{"city_code":"175901","city_name":"Alcantara","province_code":"1759","psgc_code":"175901000","region_desc":"17"},{"city_code":"175902","city_name":"Banton","province_code":"1759","psgc_code":"175902000","region_desc":"17"},{"city_code":"175903","city_name":"Cajidiocan","province_code":"1759","psgc_code":"175903000","region_desc":"17"},{"city_code":"175904","city_name":"Calatrava","province_code":"1759","psgc_code":"175904000","region_desc":"17"},{"city_code":"175905","city_name":"Concepcion","province_code":"1759","psgc_code":"175905000","region_desc":"17"},{"city_code":"175906","city_name":"Corcuera","province_code":"1759","psgc_code":"175906000","region_desc":"17"},{"city_code":"175907","city_name":"Looc","province_code":"1759","psgc_code":"175907000","region_desc":"17"},{"city_code":"175908","city_name":"Magdiwang","province_code":"1759","psgc_code":"175908000","region_desc":"17"},{"city_code":"175909","city_name":"Odiongan","province_code":"1759","psgc_code":"175909000","region_desc":"17"},{"city_code":"175910","city_name":"Romblon (Capital)","province_code":"1759","psgc_code":"175910000","region_desc":"17"},{"city_code":"175911","city_name":"San Agustin","province_code":"1759","psgc_code":"175911000","region_desc":"17"},{"city_code":"175912","city_name":"San Andres","province_code":"1759","psgc_code":"175912000","region_desc":"17"},{"city_code":"175913","city_name":"San Fernando","province_code":"1759","psgc_code":"175913000","region_desc":"17"},{"city_code":"175914","city_name":"San Jose","province_code":"1759","psgc_code":"175914000","region_desc":"17"},{"city_code":"175915","city_name":"Santa Fe","province_code":"1759","psgc_code":"175915000","region_desc":"17"},{"city_code":"175916","city_name":"Ferrol","province_code":"1759","psgc_code":"175916000","region_desc":"17"},{"city_code":"175917","city_name":"Santa Maria (Imelda)","province_code":"1759","psgc_code":"175917000","region_desc":"17"},{"city_code":"050501","city_name":"Bacacay","province_code":"0505","psgc_code":"050501000","region_desc":"05"},{"city_code":"050502","city_name":"Camalig","province_code":"0505","psgc_code":"050502000","region_desc":"05"},{"city_code":"050503","city_name":"Daraga (Locsin)","province_code":"0505","psgc_code":"050503000","region_desc":"05"},{"city_code":"050504","city_name":"Guinobatan","province_code":"0505","psgc_code":"050504000","region_desc":"05"},{"city_code":"050505","city_name":"Jovellar","province_code":"0505","psgc_code":"050505000","region_desc":"05"},{"city_code":"050506","city_name":"Legazpi City (Capital)","province_code":"0505","psgc_code":"050506000","region_desc":"05"},{"city_code":"050507","city_name":"Libon","province_code":"0505","psgc_code":"050507000","region_desc":"05"},{"city_code":"050508","city_name":"City Of Ligao","province_code":"0505","psgc_code":"050508000","region_desc":"05"},{"city_code":"050509","city_name":"Malilipot","province_code":"0505","psgc_code":"050509000","region_desc":"05"},{"city_code":"050510","city_name":"Malinao","province_code":"0505","psgc_code":"050510000","region_desc":"05"},{"city_code":"050511","city_name":"Manito","province_code":"0505","psgc_code":"050511000","region_desc":"05"},{"city_code":"050512","city_name":"Oas","province_code":"0505","psgc_code":"050512000","region_desc":"05"},{"city_code":"050513","city_name":"Pio Duran","province_code":"0505","psgc_code":"050513000","region_desc":"05"},{"city_code":"050514","city_name":"Polangui","province_code":"0505","psgc_code":"050514000","region_desc":"05"},{"city_code":"050515","city_name":"Rapu-rapu","province_code":"0505","psgc_code":"050515000","region_desc":"05"},{"city_code":"050516","city_name":"Santo Domingo (Libog)","province_code":"0505","psgc_code":"050516000","region_desc":"05"},{"city_code":"050517","city_name":"City Of Tabaco","province_code":"0505","psgc_code":"050517000","region_desc":"05"},{"city_code":"050518","city_name":"Tiwi","province_code":"0505","psgc_code":"050518000","region_desc":"05"},{"city_code":"051601","city_name":"Basud","province_code":"0516","psgc_code":"051601000","region_desc":"05"},{"city_code":"051602","city_name":"Capalonga","province_code":"0516","psgc_code":"051602000","region_desc":"05"},{"city_code":"051603","city_name":"Daet (Capital)","province_code":"0516","psgc_code":"051603000","region_desc":"05"},{"city_code":"051604","city_name":"San Lorenzo Ruiz (Imelda)","province_code":"0516","psgc_code":"051604000","region_desc":"05"},{"city_code":"051605","city_name":"Jose Panganiban","province_code":"0516","psgc_code":"051605000","region_desc":"05"},{"city_code":"051606","city_name":"Labo","province_code":"0516","psgc_code":"051606000","region_desc":"05"},{"city_code":"051607","city_name":"Mercedes","province_code":"0516","psgc_code":"051607000","region_desc":"05"},{"city_code":"051608","city_name":"Paracale","province_code":"0516","psgc_code":"051608000","region_desc":"05"},{"city_code":"051609","city_name":"San Vicente","province_code":"0516","psgc_code":"051609000","region_desc":"05"},{"city_code":"051610","city_name":"Santa Elena","province_code":"0516","psgc_code":"051610000","region_desc":"05"},{"city_code":"051611","city_name":"Talisay","province_code":"0516","psgc_code":"051611000","region_desc":"05"},{"city_code":"051612","city_name":"Vinzons","province_code":"0516","psgc_code":"051612000","region_desc":"05"},{"city_code":"051701","city_name":"Baao","province_code":"0517","psgc_code":"051701000","region_desc":"05"},{"city_code":"051702","city_name":"Balatan","province_code":"0517","psgc_code":"051702000","region_desc":"05"},{"city_code":"051703","city_name":"Bato","province_code":"0517","psgc_code":"051703000","region_desc":"05"},{"city_code":"051704","city_name":"Bombon","province_code":"0517","psgc_code":"051704000","region_desc":"05"},{"city_code":"051705","city_name":"Buhi","province_code":"0517","psgc_code":"051705000","region_desc":"05"},{"city_code":"051706","city_name":"Bula","province_code":"0517","psgc_code":"051706000","region_desc":"05"},{"city_code":"051707","city_name":"Cabusao","province_code":"0517","psgc_code":"051707000","region_desc":"05"},{"city_code":"051708","city_name":"Calabanga","province_code":"0517","psgc_code":"051708000","region_desc":"05"},{"city_code":"051709","city_name":"Camaligan","province_code":"0517","psgc_code":"051709000","region_desc":"05"},{"city_code":"051710","city_name":"Canaman","province_code":"0517","psgc_code":"051710000","region_desc":"05"},{"city_code":"051711","city_name":"Caramoan","province_code":"0517","psgc_code":"051711000","region_desc":"05"},{"city_code":"051712","city_name":"Del Gallego","province_code":"0517","psgc_code":"051712000","region_desc":"05"},{"city_code":"051713","city_name":"Gainza","province_code":"0517","psgc_code":"051713000","region_desc":"05"},{"city_code":"051714","city_name":"Garchitorena","province_code":"0517","psgc_code":"051714000","region_desc":"05"},{"city_code":"051715","city_name":"Goa","province_code":"0517","psgc_code":"051715000","region_desc":"05"},{"city_code":"051716","city_name":"Iriga City","province_code":"0517","psgc_code":"051716000","region_desc":"05"},{"city_code":"051717","city_name":"Lagonoy","province_code":"0517","psgc_code":"051717000","region_desc":"05"},{"city_code":"051718","city_name":"Libmanan","province_code":"0517","psgc_code":"051718000","region_desc":"05"},{"city_code":"051719","city_name":"Lupi","province_code":"0517","psgc_code":"051719000","region_desc":"05"},{"city_code":"051720","city_name":"Magarao","province_code":"0517","psgc_code":"051720000","region_desc":"05"},{"city_code":"051721","city_name":"Milaor","province_code":"0517","psgc_code":"051721000","region_desc":"05"},{"city_code":"051722","city_name":"Minalabac","province_code":"0517","psgc_code":"051722000","region_desc":"05"},{"city_code":"051723","city_name":"Nabua","province_code":"0517","psgc_code":"051723000","region_desc":"05"},{"city_code":"051724","city_name":"Naga City","province_code":"0517","psgc_code":"051724000","region_desc":"05"},{"city_code":"051725","city_name":"Ocampo","province_code":"0517","psgc_code":"051725000","region_desc":"05"},{"city_code":"051726","city_name":"Pamplona","province_code":"0517","psgc_code":"051726000","region_desc":"05"},{"city_code":"051727","city_name":"Pasacao","province_code":"0517","psgc_code":"051727000","region_desc":"05"},{"city_code":"051728","city_name":"Pili (Capital)","province_code":"0517","psgc_code":"051728000","region_desc":"05"},{"city_code":"051729","city_name":"Presentacion (Parubcan)","province_code":"0517","psgc_code":"051729000","region_desc":"05"},{"city_code":"051730","city_name":"Ragay","province_code":"0517","psgc_code":"051730000","region_desc":"05"},{"city_code":"051731","city_name":"Sagñay","province_code":"0517","psgc_code":"051731000","region_desc":"05"},{"city_code":"051732","city_name":"San Fernando","province_code":"0517","psgc_code":"051732000","region_desc":"05"},{"city_code":"051733","city_name":"San Jose","province_code":"0517","psgc_code":"051733000","region_desc":"05"},{"city_code":"051734","city_name":"Sipocot","province_code":"0517","psgc_code":"051734000","region_desc":"05"},{"city_code":"051735","city_name":"Siruma","province_code":"0517","psgc_code":"051735000","region_desc":"05"},{"city_code":"051736","city_name":"Tigaon","province_code":"0517","psgc_code":"051736000","region_desc":"05"},{"city_code":"051737","city_name":"Tinambac","province_code":"0517","psgc_code":"051737000","region_desc":"05"},{"city_code":"052001","city_name":"Bagamanoc","province_code":"0520","psgc_code":"052001000","region_desc":"05"},{"city_code":"052002","city_name":"Baras","province_code":"0520","psgc_code":"052002000","region_desc":"05"},{"city_code":"052003","city_name":"Bato","province_code":"0520","psgc_code":"052003000","region_desc":"05"},{"city_code":"052004","city_name":"Caramoran","province_code":"0520","psgc_code":"052004000","region_desc":"05"},{"city_code":"052005","city_name":"Gigmoto","province_code":"0520","psgc_code":"052005000","region_desc":"05"},{"city_code":"052006","city_name":"Pandan","province_code":"0520","psgc_code":"052006000","region_desc":"05"},{"city_code":"052007","city_name":"Panganiban","province_code":"0520","psgc_code":"052007000","region_desc":"05"},{"city_code":"052008","city_name":"San Andres","province_code":"0520","psgc_code":"052008000","region_desc":"05"},{"city_code":"052009","city_name":"San Miguel","province_code":"0520","psgc_code":"052009000","region_desc":"05"},{"city_code":"052010","city_name":"Viga","province_code":"0520","psgc_code":"052010000","region_desc":"05"},{"city_code":"052011","city_name":"Virac","province_code":"0520","psgc_code":"052011000","region_desc":"05"},{"city_code":"054101","city_name":"Aroroy","province_code":"0541","psgc_code":"054101000","region_desc":"05"},{"city_code":"054102","city_name":"Baleno","province_code":"0541","psgc_code":"054102000","region_desc":"05"},{"city_code":"054103","city_name":"Balud","province_code":"0541","psgc_code":"054103000","region_desc":"05"},{"city_code":"054104","city_name":"Batuan","province_code":"0541","psgc_code":"054104000","region_desc":"05"},{"city_code":"054105","city_name":"Cataingan","province_code":"0541","psgc_code":"054105000","region_desc":"05"},{"city_code":"054106","city_name":"Cawayan","province_code":"0541","psgc_code":"054106000","region_desc":"05"},{"city_code":"054107","city_name":"Claveria","province_code":"0541","psgc_code":"054107000","region_desc":"05"},{"city_code":"054108","city_name":"Dimasalang","province_code":"0541","psgc_code":"054108000","region_desc":"05"},{"city_code":"054109","city_name":"Esperanza","province_code":"0541","psgc_code":"054109000","region_desc":"05"},{"city_code":"054110","city_name":"Mandaon","province_code":"0541","psgc_code":"054110000","region_desc":"05"},{"city_code":"054111","city_name":"City Of Masbate (Capital)","province_code":"0541","psgc_code":"054111000","region_desc":"05"},{"city_code":"054112","city_name":"Milagros","province_code":"0541","psgc_code":"054112000","region_desc":"05"},{"city_code":"054113","city_name":"Mobo","province_code":"0541","psgc_code":"054113000","region_desc":"05"},{"city_code":"054114","city_name":"Monreal","province_code":"0541","psgc_code":"054114000","region_desc":"05"},{"city_code":"054115","city_name":"Palanas","province_code":"0541","psgc_code":"054115000","region_desc":"05"},{"city_code":"054116","city_name":"Pio V. Corpuz (Limbuhan)","province_code":"0541","psgc_code":"054116000","region_desc":"05"},{"city_code":"054117","city_name":"Placer","province_code":"0541","psgc_code":"054117000","region_desc":"05"},{"city_code":"054118","city_name":"San Fernando","province_code":"0541","psgc_code":"054118000","region_desc":"05"},{"city_code":"054119","city_name":"San Jacinto","province_code":"0541","psgc_code":"054119000","region_desc":"05"},{"city_code":"054120","city_name":"San Pascual","province_code":"0541","psgc_code":"054120000","region_desc":"05"},{"city_code":"054121","city_name":"Uson","province_code":"0541","psgc_code":"054121000","region_desc":"05"},{"city_code":"056202","city_name":"Barcelona","province_code":"0562","psgc_code":"056202000","region_desc":"05"},{"city_code":"056203","city_name":"Bulan","province_code":"0562","psgc_code":"056203000","region_desc":"05"},{"city_code":"056204","city_name":"Bulusan","province_code":"0562","psgc_code":"056204000","region_desc":"05"},{"city_code":"056205","city_name":"Casiguran","province_code":"0562","psgc_code":"056205000","region_desc":"05"},{"city_code":"056206","city_name":"Castilla","province_code":"0562","psgc_code":"056206000","region_desc":"05"},{"city_code":"056207","city_name":"Donsol","province_code":"0562","psgc_code":"056207000","region_desc":"05"},{"city_code":"056208","city_name":"Gubat","province_code":"0562","psgc_code":"056208000","region_desc":"05"},{"city_code":"056209","city_name":"Irosin","province_code":"0562","psgc_code":"056209000","region_desc":"05"},{"city_code":"056210","city_name":"Juban","province_code":"0562","psgc_code":"056210000","region_desc":"05"},{"city_code":"056211","city_name":"Magallanes","province_code":"0562","psgc_code":"056211000","region_desc":"05"},{"city_code":"056212","city_name":"Matnog","province_code":"0562","psgc_code":"056212000","region_desc":"05"},{"city_code":"056213","city_name":"Pilar","province_code":"0562","psgc_code":"056213000","region_desc":"05"},{"city_code":"056214","city_name":"Prieto Diaz","province_code":"0562","psgc_code":"056214000","region_desc":"05"},{"city_code":"056215","city_name":"Santa Magdalena","province_code":"0562","psgc_code":"056215000","region_desc":"05"},{"city_code":"056216","city_name":"City Of Sorsogon (Capital)","province_code":"0562","psgc_code":"056216000","region_desc":"05"},{"city_code":"133901","city_name":"Tondo I / Ii","province_code":"1339","psgc_code":"133901000","region_desc":"13"},{"city_code":"133902","city_name":"Binondo","province_code":"1339","psgc_code":"133902000","region_desc":"13"},{"city_code":"133903","city_name":"Quiapo","province_code":"1339","psgc_code":"133903000","region_desc":"13"},{"city_code":"133904","city_name":"San Nicolas","province_code":"1339","psgc_code":"133904000","region_desc":"13"},{"city_code":"133905","city_name":"Santa Cruz","province_code":"1339","psgc_code":"133905000","region_desc":"13"},{"city_code":"133906","city_name":"Sampaloc","province_code":"1339","psgc_code":"133906000","region_desc":"13"},{"city_code":"133907","city_name":"San Miguel","province_code":"1339","psgc_code":"133907000","region_desc":"13"},{"city_code":"133908","city_name":"Ermita","province_code":"1339","psgc_code":"133908000","region_desc":"13"},{"city_code":"133909","city_name":"Intramuros","province_code":"1339","psgc_code":"133909000","region_desc":"13"},{"city_code":"133910","city_name":"Malate","province_code":"1339","psgc_code":"133910000","region_desc":"13"},{"city_code":"133911","city_name":"Paco","province_code":"1339","psgc_code":"133911000","region_desc":"13"},{"city_code":"133912","city_name":"Pandacan","province_code":"1339","psgc_code":"133912000","region_desc":"13"},{"city_code":"133913","city_name":"Port Area","province_code":"1339","psgc_code":"133913000","region_desc":"13"},{"city_code":"133914","city_name":"Santa Ana","province_code":"1339","psgc_code":"133914000","region_desc":"13"},{"city_code":"137401","city_name":"City Of Mandaluyong","province_code":"1374","psgc_code":"137401000","region_desc":"13"},{"city_code":"137402","city_name":"City Of Marikina","province_code":"1374","psgc_code":"137402000","region_desc":"13"},{"city_code":"137403","city_name":"City Of Pasig","province_code":"1374","psgc_code":"137403000","region_desc":"13"},{"city_code":"137404","city_name":"Quezon City","province_code":"1374","psgc_code":"137404000","region_desc":"13"},{"city_code":"137405","city_name":"City Of San Juan","province_code":"1374","psgc_code":"137405000","region_desc":"13"},{"city_code":"137501","city_name":"Caloocan City","province_code":"1375","psgc_code":"137501000","region_desc":"13"},{"city_code":"137502","city_name":"City Of Malabon","province_code":"1375","psgc_code":"137502000","region_desc":"13"},{"city_code":"137503","city_name":"City Of Navotas","province_code":"1375","psgc_code":"137503000","region_desc":"13"},{"city_code":"137504","city_name":"City Of Valenzuela","province_code":"1375","psgc_code":"137504000","region_desc":"13"},{"city_code":"137601","city_name":"City Of Las Piñas","province_code":"1376","psgc_code":"137601000","region_desc":"13"},{"city_code":"137602","city_name":"City Of Makati","province_code":"1376","psgc_code":"137602000","region_desc":"13"},{"city_code":"137603","city_name":"City Of Muntinlupa","province_code":"1376","psgc_code":"137603000","region_desc":"13"},{"city_code":"137604","city_name":"City Of Parañaque","province_code":"1376","psgc_code":"137604000","region_desc":"13"},{"city_code":"137605","city_name":"Pasay City","province_code":"1376","psgc_code":"137605000","region_desc":"13"},{"city_code":"137606","city_name":"Pateros","province_code":"1376","psgc_code":"137606000","region_desc":"13"},{"city_code":"137607","city_name":"Taguig City","province_code":"1376","psgc_code":"137607000","region_desc":"13"},{"city_code":"140101","city_name":"Bangued (Capital)","province_code":"1401","psgc_code":"140101000","region_desc":"14"},{"city_code":"140102","city_name":"Boliney","province_code":"1401","psgc_code":"140102000","region_desc":"14"},{"city_code":"140103","city_name":"Bucay","province_code":"1401","psgc_code":"140103000","region_desc":"14"},{"city_code":"140104","city_name":"Bucloc","province_code":"1401","psgc_code":"140104000","region_desc":"14"},{"city_code":"140105","city_name":"Daguioman","province_code":"1401","psgc_code":"140105000","region_desc":"14"},{"city_code":"140106","city_name":"Danglas","province_code":"1401","psgc_code":"140106000","region_desc":"14"},{"city_code":"140107","city_name":"Dolores","province_code":"1401","psgc_code":"140107000","region_desc":"14"},{"city_code":"140108","city_name":"La Paz","province_code":"1401","psgc_code":"140108000","region_desc":"14"},{"city_code":"140109","city_name":"Lacub","province_code":"1401","psgc_code":"140109000","region_desc":"14"},{"city_code":"140110","city_name":"Lagangilang","province_code":"1401","psgc_code":"140110000","region_desc":"14"},{"city_code":"140111","city_name":"Lagayan","province_code":"1401","psgc_code":"140111000","region_desc":"14"},{"city_code":"140112","city_name":"Langiden","province_code":"1401","psgc_code":"140112000","region_desc":"14"},{"city_code":"140113","city_name":"Licuan-baay (Licuan)","province_code":"1401","psgc_code":"140113000","region_desc":"14"},{"city_code":"140114","city_name":"Luba","province_code":"1401","psgc_code":"140114000","region_desc":"14"},{"city_code":"140115","city_name":"Malibcong","province_code":"1401","psgc_code":"140115000","region_desc":"14"},{"city_code":"140116","city_name":"Manabo","province_code":"1401","psgc_code":"140116000","region_desc":"14"},{"city_code":"140117","city_name":"Peñarrubia","province_code":"1401","psgc_code":"140117000","region_desc":"14"},{"city_code":"140118","city_name":"Pidigan","province_code":"1401","psgc_code":"140118000","region_desc":"14"},{"city_code":"140119","city_name":"Pilar","province_code":"1401","psgc_code":"140119000","region_desc":"14"},{"city_code":"140120","city_name":"Sallapadan","province_code":"1401","psgc_code":"140120000","region_desc":"14"},{"city_code":"140121","city_name":"San Isidro","province_code":"1401","psgc_code":"140121000","region_desc":"14"},{"city_code":"140122","city_name":"San Juan","province_code":"1401","psgc_code":"140122000","region_desc":"14"},{"city_code":"140123","city_name":"San Quintin","province_code":"1401","psgc_code":"140123000","region_desc":"14"},{"city_code":"140124","city_name":"Tayum","province_code":"1401","psgc_code":"140124000","region_desc":"14"},{"city_code":"140125","city_name":"Tineg","province_code":"1401","psgc_code":"140125000","region_desc":"14"},{"city_code":"140126","city_name":"Tubo","province_code":"1401","psgc_code":"140126000","region_desc":"14"},{"city_code":"140127","city_name":"Villaviciosa","province_code":"1401","psgc_code":"140127000","region_desc":"14"},{"city_code":"141101","city_name":"Atok","province_code":"1411","psgc_code":"141101000","region_desc":"14"},{"city_code":"141102","city_name":"Baguio City","province_code":"1411","psgc_code":"141102000","region_desc":"14"},{"city_code":"141103","city_name":"Bakun","province_code":"1411","psgc_code":"141103000","region_desc":"14"},{"city_code":"141104","city_name":"Bokod","province_code":"1411","psgc_code":"141104000","region_desc":"14"},{"city_code":"141105","city_name":"Buguias","province_code":"1411","psgc_code":"141105000","region_desc":"14"},{"city_code":"141106","city_name":"Itogon","province_code":"1411","psgc_code":"141106000","region_desc":"14"},{"city_code":"141107","city_name":"Kabayan","province_code":"1411","psgc_code":"141107000","region_desc":"14"},{"city_code":"141108","city_name":"Kapangan","province_code":"1411","psgc_code":"141108000","region_desc":"14"},{"city_code":"141109","city_name":"Kibungan","province_code":"1411","psgc_code":"141109000","region_desc":"14"},{"city_code":"141110","city_name":"La Trinidad (Capital)","province_code":"1411","psgc_code":"141110000","region_desc":"14"},{"city_code":"141111","city_name":"Mankayan","province_code":"1411","psgc_code":"141111000","region_desc":"14"},{"city_code":"141112","city_name":"Sablan","province_code":"1411","psgc_code":"141112000","region_desc":"14"},{"city_code":"141113","city_name":"Tuba","province_code":"1411","psgc_code":"141113000","region_desc":"14"},{"city_code":"141114","city_name":"Tublay","province_code":"1411","psgc_code":"141114000","region_desc":"14"},{"city_code":"142701","city_name":"Banaue","province_code":"1427","psgc_code":"142701000","region_desc":"14"},{"city_code":"142702","city_name":"Hungduan","province_code":"1427","psgc_code":"142702000","region_desc":"14"},{"city_code":"142703","city_name":"Kiangan","province_code":"1427","psgc_code":"142703000","region_desc":"14"},{"city_code":"142704","city_name":"Lagawe (Capital)","province_code":"1427","psgc_code":"142704000","region_desc":"14"},{"city_code":"142705","city_name":"Lamut","province_code":"1427","psgc_code":"142705000","region_desc":"14"},{"city_code":"142706","city_name":"Mayoyao","province_code":"1427","psgc_code":"142706000","region_desc":"14"},{"city_code":"142707","city_name":"Alfonso Lista (Potia)","province_code":"1427","psgc_code":"142707000","region_desc":"14"},{"city_code":"142708","city_name":"Aguinaldo","province_code":"1427","psgc_code":"142708000","region_desc":"14"},{"city_code":"142709","city_name":"Hingyon","province_code":"1427","psgc_code":"142709000","region_desc":"14"},{"city_code":"142710","city_name":"Tinoc","province_code":"1427","psgc_code":"142710000","region_desc":"14"},{"city_code":"142711","city_name":"Asipulo","province_code":"1427","psgc_code":"142711000","region_desc":"14"},{"city_code":"143201","city_name":"Balbalan","province_code":"1432","psgc_code":"143201000","region_desc":"14"},{"city_code":"143206","city_name":"Lubuagan","province_code":"1432","psgc_code":"143206000","region_desc":"14"},{"city_code":"143208","city_name":"Pasil","province_code":"1432","psgc_code":"143208000","region_desc":"14"},{"city_code":"143209","city_name":"Pinukpuk","province_code":"1432","psgc_code":"143209000","region_desc":"14"},{"city_code":"143211","city_name":"Rizal (Liwan)","province_code":"1432","psgc_code":"143211000","region_desc":"14"},{"city_code":"143213","city_name":"City Of Tabuk (Capital)","province_code":"1432","psgc_code":"143213000","region_desc":"14"},{"city_code":"143214","city_name":"Tanudan","province_code":"1432","psgc_code":"143214000","region_desc":"14"},{"city_code":"143215","city_name":"Tinglayan","province_code":"1432","psgc_code":"143215000","region_desc":"14"},{"city_code":"144401","city_name":"Barlig","province_code":"1444","psgc_code":"144401000","region_desc":"14"},{"city_code":"144402","city_name":"Bauko","province_code":"1444","psgc_code":"144402000","region_desc":"14"},{"city_code":"144403","city_name":"Besao","province_code":"1444","psgc_code":"144403000","region_desc":"14"},{"city_code":"144404","city_name":"Bontoc (Capital)","province_code":"1444","psgc_code":"144404000","region_desc":"14"},{"city_code":"144405","city_name":"Natonin","province_code":"1444","psgc_code":"144405000","region_desc":"14"},{"city_code":"144406","city_name":"Paracelis","province_code":"1444","psgc_code":"144406000","region_desc":"14"},{"city_code":"144407","city_name":"Sabangan","province_code":"1444","psgc_code":"144407000","region_desc":"14"},{"city_code":"144408","city_name":"Sadanga","province_code":"1444","psgc_code":"144408000","region_desc":"14"},{"city_code":"144409","city_name":"Sagada","province_code":"1444","psgc_code":"144409000","region_desc":"14"},{"city_code":"144410","city_name":"Tadian","province_code":"1444","psgc_code":"144410000","region_desc":"14"},{"city_code":"148101","city_name":"Calanasan (Bayag)","province_code":"1481","psgc_code":"148101000","region_desc":"14"},{"city_code":"148102","city_name":"Conner","province_code":"1481","psgc_code":"148102000","region_desc":"14"},{"city_code":"148103","city_name":"Flora","province_code":"1481","psgc_code":"148103000","region_desc":"14"},{"city_code":"148104","city_name":"Kabugao (Capital)","province_code":"1481","psgc_code":"148104000","region_desc":"14"},{"city_code":"148105","city_name":"Luna","province_code":"1481","psgc_code":"148105000","region_desc":"14"},{"city_code":"148106","city_name":"Pudtol","province_code":"1481","psgc_code":"148106000","region_desc":"14"},{"city_code":"148107","city_name":"Santa Marcela","province_code":"1481","psgc_code":"148107000","region_desc":"14"}]